name,description,links
Frontend Development,Expertise in building responsive web applications using modern JavaScript frameworks and vanilla JS.,https://github.com/yourusername/frontend-project
Backend Development,Experience with server-side programming API development and database management.,https://github.com/yourusername/backend-project
Cloud Services,Proficient in AWS services;serverless architecture and cloud infrastructure.,https://github.com/yourusername/cloud-project
System Design,Experience in designing scalable distributed systems and microservices architecture.,https://github.com/yourusername/system-design-project
Cloud Platforms,Experienced in managing cloud services with AWS and Azure.,https://github.com/yourusername/cloud-project
DevOps & Infrastructure,Skilled in automating cloud infrastructure with Terraform and managing deployments with Nginx and Gunicorn.,https://github.com/yourusername/devops-project
Databases,Proficient in PostgreSQL; MySQL; MongoDB and Azure SQL management for cloud-based solutions.,https://github.com/yourusername/database-project
Version Control,Expert in using Git and GitHub for version control and collaboration.,https://github.com/yourusername/version-control-project
Automation & Monitoring,Experienced in automating processes and monitoring tools like JFrog and SonarQube.,https://github.com/yourusername/monitoring-project
